onset	duration	trial_type
0.0	11.633169000037014	objects
97.98391650000121	109.63286300003529	objects
167.98626300005708	179.6334932000609	objects
195.98455290007405	207.6173676000908	objects
