onset	duration	trial_type
29.995073900092336	41.70520540000871	faces
71.98996940010693	83.65566920000128	faces
141.97366630006582	153.68943950009998	faces
197.9769280001056	209.6732879000483	faces
