onset	duration	trial_type
13.990166700095898	25.705240200040862	objects
99.98987240006682	111.65597340010572	objects
183.98813100007828	195.70644050010014	objects
253.98522200004663	265.63993100007065	objects
