onset	duration	trial_type
44.00053590000604	55.695473200059496	scrambled
57.99739380006213	69.70601920003537	scrambled
127.99042800010648	139.67268630000763	scrambled
211.97691850003315	223.6568787000142	scrambled
