onset	duration	trial_type
0.0	11.68839760008268	scenes
113.97546400001744	125.68908930011094	scenes
155.97932070004754	167.63973390008323	scenes
239.98237820004584	251.72331350005697	scenes
