onset	duration	trial_type
27.983948500012048	39.63292180001736	scrambled
111.98433640005533	123.60006480000447	scrambled
181.9845626000316	193.63330740004312	scrambled
223.98550740000792	235.61735640000552	scrambled
