onset	duration	trial_type
42.00055710005114	53.66642140003387	scenes
55.98394000006368	67.617442100076	scenes
125.98460910003632	137.64973440009635	scenes
209.9846573000541	221.6006589999888	scenes
