onset	duration	trial_type
14.000349500100185	25.698673600098118	faces
83.98383300006395	95.61682039999869	faces
139.99393920006696	151.633014800027	faces
251.98511930007953	263.6177130000433	faces
