onset	duration	trial_type
0.0	11.704807399772108	scenes
125.99989839969203	137.70526909967884	scenes
153.99044949980453	165.6886002998799	scenes
251.99023679969832	263.68928809976205	scenes
