onset	duration	trial_type
13.989008000120634	25.68818169971928	objects
69.9979113000445	81.70494619989768	objects
195.99978299997747	207.68902239995077	objects
223.98996539972734	235.709152800031	objects
