onset	duration	trial_type
14.000370699912338	25.736625600140542	scrambled
125.99513219995424	137.68738709995523	scrambled
153.9883528999053	165.6898354999721	scrambled
265.98886199994007	277.6548183001578	scrambled
