onset	duration	trial_type
0.0	11.720129699911922	scenes
84.00076019996783	95.7036557001993	scenes
182.00158030027524	193.68756330013275	scenes
237.99145320011309	249.65440270025283	scenes
