onset	duration	trial_type
56.00345150008798	67.70466930000111	faces
83.98937049973756	95.70482710003853	faces
139.99260749993834	151.73863129969686	faces
265.9909039000049	277.70722329989076	faces
