onset	duration	trial_type
41.998911699745804	53.704798999708146	scrambled
111.9914735998027	123.67218599980697	scrambled
167.99047160008934	179.67227629991248	scrambled
237.9986964999698	249.7065785001032	scrambled
