onset	duration	trial_type
41.99400210008031	53.70369170000777	objects
111.9956555999816	123.67081890022382	objects
195.9916926999577	207.7377760000527	objects
224.00017870031297	235.68809990026057	objects
