onset	duration	trial_type
27.995473300106767	39.70339330006391	faces
97.99999119993299	109.72014390025288	faces
168.0108249001205	179.68757389998063	faces
251.99391660001123	263.6550695002079	faces
