onset	duration	trial_type
42.00238920003176	53.73680330009665	scrambled
69.9960335000651	81.73852910008281	scrambled
169.98992200009525	181.7246130000567	scrambled
211.99660910002422	223.73902810004074	scrambled
