onset	duration	trial_type
0.0	11.728110400028527	scrambled
97.98486090009101	109.74398280004971	scrambled
181.97117550007533	193.72517640003935	scrambled
237.98823540005833	249.75828050007112	scrambled
