onset	duration	trial_type
13.989768600091367	25.707430400070734	faces
126.00597630010452	137.74027900001965	faces
139.98456730006728	151.71049590001348	faces
265.9693441001	277.7272169000935	faces
