onset	duration	trial_type
42.002039300045	53.70865330006927	objects
112.00323200004641	123.74160630011465	objects
195.99398710008245	207.71110820001923	objects
209.9900273000822	221.7255067001097	objects
