onset	duration	trial_type
0.0	11.756304000038654	objects
128.0008421000093	139.73577040003147	objects
184.00092010002118	195.70655050000641	objects
225.99167970009148	237.75636640004814	objects
