onset	duration	trial_type
28.008609500015126	39.76176900009159	scenes
69.98100360005625	81.70999930007383	scenes
167.99458060006145	179.7270875000395	scenes
223.99311750009662	235.70898900006432	scenes
