onset	duration	trial_type
55.995090900105424	67.70502990006935	scenes
85.99228800006674	97.72537500003818	scenes
155.9824840000365	167.72471680003218	scenes
268.00219600007404	279.74035269999877	scenes
