onset	duration	trial_type
14.006529700011015	25.755949100013822	faces
99.9939098000759	111.72242570004892	faces
197.98347630002536	209.72036560007837	faces
254.00170980009716	265.7393421001034	faces
