onset	duration	trial_type
13.997789599932702	25.63658790010959	scenes
125.9981193002314	137.68699360080063	scenes
168.00073420070112	179.7372076008469	scenes
223.99759350065136	235.67092070076615	scenes
