onset	duration	trial_type
27.999829799868166	39.735978099517524	faces
111.99638229981062	123.70310029946268	faces
167.97931910026819	179.70382719952613	faces
265.9811506001279	277.6705625997856	faces
