onset	duration	trial_type
0.0	11.719662100076675	faces
69.99719050060955	81.65316320024431	faces
153.98930780030787	165.67049230076373	faces
251.9981365008279	263.70427940040827	faces
