onset	duration	trial_type
41.9986406005919	53.68702950049192	scrambled
97.98745940066874	109.65340580046177	scrambled
181.98806930053985	193.59468520060182	scrambled
237.990921500139	249.6715097008273	scrambled
