onset	duration	trial_type
55.999354999512434	67.73602299951017	scrambled
97.99773740023375	109.71974090021104	scrambled
195.9811143996194	207.67023229971528	scrambled
251.97194909956312	263.67042860016227	scrambled
