onset	duration	trial_type
13.994585699401796	25.73621980007738	objects
125.99530179984868	137.7033009994775	objects
153.97111599985504	165.65321560017765	objects
223.97259759996086	235.6375594995916	objects
