onset	duration	trial_type
0.0	11.735896700061858	scenes
83.98701409995559	95.66947009973228	scenes
139.9841714994982	151.6872295998037	scenes
237.97159179952	249.63750489987433	scenes
