onset	duration	trial_type
55.99662320036444	67.68664400000125	objects
111.9876565001905	123.65344690065831	objects
195.98819490056485	207.6377040008083	objects
265.98844670038676	277.6380045004189	objects
