onset	duration	trial_type
45.30456219986078	57.035139800049336	scrambled
62.36961450055239	74.0685772001743	scrambled
139.2132179997861	150.95230470038948	scrambled
231.8817583005875	243.61913010012356	scrambled
