onset	duration	trial_type
15.146976400166722	26.901637400500448	objects
109.69500679988411	121.41882370039818	objects
199.751651700586	211.50260540004817	objects
277.40515710040927	289.1197465006262	objects
