onset	duration	trial_type
0.0	11.734901100397082	scenes
124.79937009979031	136.53558740019795	scenes
170.05718659982082	181.80247480049727	scenes
261.9688832005486	273.70297400001436	scenes
