onset	duration	trial_type
14.000366399995983	25.66446390002966	faces
84.0047690002248	95.7145341001451	faces
140.00005100015545	151.69859130028635	faces
252.0068419007585	263.6826092004776	faces
