onset	duration	trial_type
0.0	11.614854000508785	objects
98.01870580017567	109.74809930007905	objects
168.00856120046228	179.71494800038636	objects
196.00201710034162	207.6654673004523	objects
