onset	duration	trial_type
27.999451800249517	39.66434770077467	scrambled
112.00274910032749	123.73223219998181	scrambled
182.00386780034745	193.68215900007635	scrambled
224.00163380056614	235.69898820016533	scrambled
