onset	duration	trial_type
41.99894730001688	53.66453970037401	scenes
56.01076550036666	67.73122600000352	scenes
126.03431480005383	137.7483013002202	scenes
210.0062212003395	221.69878610037267	scenes
