onset	duration	trial_type
30.815120800398233	42.56831779982892	faces
77.24638919997955	88.96857160050419	faces
154.1814104998484	165.90238700062034	faces
217.2166232001036	228.95264730043706	faces
