onset	duration	trial_type
29.47415550006553	41.19059649994597	scenes
156.16178190009668	167.84090860001743	scenes
275.0126832998357	286.72556840023026	scenes
353.9308286001905	365.609510499984	scenes
