onset	duration	trial_type
97.58719300013037	109.31652399990706	scenes
157.9767073001712	169.7335550999269	scenes
277.21520760003483	288.884336899966	scenes
456.7394161000848	468.43571990029886	scenes
