onset	duration	trial_type
0.0	11.699309899937347	scrambled
183.93649790016934	195.63347070012242	scrambled
256.8942885999568	268.600820899941	scrambled
401.99013910023496	413.68530360003933	scrambled
