onset	duration	trial_type
52.81229159981011	64.49072289979085	scrambled
135.5211724000983	147.17420489992946	scrambled
248.8922325000167	260.5754387001507	scrambled
397.36979290004825	409.0764521001838	scrambled
