onset	duration	trial_type
0.0	11.740432600025091	objects
116.04409779980779	127.75771349994466	objects
221.4134411001578	233.10843160003424	objects
330.2335910000839	341.95928389998153	objects
