onset	duration	trial_type
117.21665599988775	128.9333420000039	faces
208.37156639993185	220.08374539995566	faces
326.460211200174	338.16806749999523	faces
478.84237870015204	490.5691645001061	faces
