onset	duration	trial_type
48.40088339988138	60.11555489990859	objects
232.84820210002363	244.55060649989173	objects
364.21574390027666	375.9183924999088	objects
428.3820731001906	440.05210530012846	objects
