onset	duration	trial_type
82.40315609984098	94.12383399996907	faces
192.5460009998642	204.24162290012464	faces
309.12633119989187	320.842435200233	faces
419.39605410024524	431.0266224001534	faces
