onset	duration	trial_type
42.00105420011096	53.70594809995967	scrambled
55.99016340007077	67.70645419997166	scrambled
140.00134830013852	151.69043940003033	scrambled
237.99115100014032	249.69040359999056	scrambled
