onset	duration	trial_type
13.988829599926234	25.654424899956197	scrambled
83.98891179985365	95.67205539997666	scrambled
139.9908610999118	151.63848849991336	scrambled
237.9732116998639	249.62301340000704	scrambled
