onset	duration	trial_type
27.988615299807833	39.65442979987709	objects
69.98871129984032	81.65471889986655	objects
181.98374579986557	193.62218509986997	objects
223.97345019993378	235.63909940002486	objects
