onset	duration	trial_type
14.002531599951936	25.73915100004527	faces
84.02926430013034	95.70620080013762	faces
125.99935840000401	137.6897368000355	faces
252.01000769995156	263.6907905000262	faces
