onset	duration	trial_type
0.0	11.63771279994397	scenes
97.98924599983728	109.65465679997577	scenes
167.97473649983294	179.68858369998634	scenes
209.97360619995743	221.60573740000837	scenes
