onset	duration	trial_type
27.998363899998395	39.73949300008829	scenes
111.99149530008438	123.7392583000474	scenes
153.99163860012774	165.6764783000108	scenes
195.9986894000322	207.6738466001116	scenes
