onset	duration	trial_type
0.0	11.755636800080566	objects
98.00126529997218	109.68965460010807	objects
167.99429880012755	179.72399480012248	objects
224.00071840011518	235.70623310003432	objects
