onset	duration	trial_type
42.00352699984795	53.687849199865	faces
111.98627619980833	123.6550465999171	faces
195.98955639987258	207.62206920003518	faces
265.9899714998901	277.6241235998459	faces
