onset	duration	trial_type
0.0	11.699352499970704	objects
72.06705640000291	83.80126719997497	objects
145.76341359998332	157.50179879995994	objects
220.66388789995108	232.40233499999158	objects
