onset	duration	trial_type
61.19692390004636	72.94548490003217	scenes
115.2558192000142	126.96223410003586	scenes
196.66118740005186	208.3297459000023	scenes
285.94733320001984	297.63018760003615	scenes
