onset	duration	trial_type
21.493609500001185	33.24620210001012	objects
163.4999069000478	175.2126210000133	objects
239.81401140004164	251.51303900004132	objects
271.1936582000344	282.86369560001185	objects
