onset	duration	trial_type
29.36686189996544	41.082807199971285	scrambled
86.77183539996622	98.50137009995524	scrambled
160.36346399999456	172.10189900000114	scrambled
265.3378426999552	277.0526389000006	scrambled
