onset	duration	trial_type
0.0	11.712719700008165	scrambled
130.9963233000017	142.71269800001755	scrambled
180.92777330003452	192.61297200003173	scrambled
255.77463719999645	267.4635600000038	scrambled
