onset	duration	trial_type
44.86529599997448	56.55015669995919	faces
131.36059609998483	143.0850179999834	faces
206.1603603999829	217.9022161999601	faces
280.12331919994904	291.8527466999949	faces
