onset	duration	trial_type
15.523038799990903	27.23277249996318	scenes
103.29178859997774	115.03483429999324	scenes
175.096701100003	186.85191629995825	scenes
235.38065349997487	247.11895219999133	scenes
