onset	duration	trial_type
82.10092759999677	93.8286171000218	faces
147.1321339000133	158.84610060002888	faces
224.27157500002068	235.94670040003257	faces
301.4169686000096	313.0803829000215	faces
