onset	duration	trial_type
41.99019839998803	53.56306429998949	scenes
83.98087729999676	95.61339610000141	scenes
153.98388009998598	165.69731829999364	scenes
237.9823196000071	249.64827919998788	scenes
