onset	duration	trial_type
0.0	11.731140499934554	scrambled
14.002235400024809	25.7310704998672	objects
41.30742779979482	53.0476839998737	scenes
