onset	duration	trial_type
41.30742779979482	53.0476839998737	scenes
