onset	duration	trial_type
14.002235400024809	25.7310704998672	objects
