trial_type	onset	duration	response_time	same_or_diff	response	correct	env_type	vid_file
instructions	0.0	5.982698200008599						
instructions	82.39407249999933	5.989177000010372						
instructions	173.38581880001587	5.981585200002826						
instructions	255.78889730002265	5.995876599976327						
instructions	346.78894710002345	5.979801499983296						
