trial_type	onset	duration	response_time	same_or_diff	response	correct	env_type	vid_file
instructions	0.0	5.996257700026092						
instructions	82.3947187000013	5.9897501000087345						
instructions	173.3846821000044	5.983789899997589						
instructions	255.79009900000534	5.995799800002828						
instructions	346.78613680001587	5.983664600003976						
