trial_type	onset	duration	response_time	same_or_diff	response	correct	env_type	vid_file
instructions	0.0	5.9972858000255584						
instructions	82.43362450000129	5.984351700026323						
instructions	173.42193710000717	5.980080700013815						
instructions	255.84292610001285	5.993162800004939						
instructions	346.8357685000229	5.984301199990966						
