trial_type	onset	duration	response_time	same_or_diff	response	correct	env_type	vid_file
instructions	0.0	5.994656399998348						
instructions	82.40376800001832	5.997473899973556						
instructions	173.40647519999766	5.97887500000067						
instructions	255.81477510000695	5.987770600011572						
instructions	346.8058999000059	5.980706000002101						
