onset	duration	trial_type
55.981818100000964	67.61421040000278	faces
111.98428889998465	123.6973178999906	faces
181.9888721999887	193.66518029998406	faces
251.988316700008	263.6490191000048	faces
