onset	duration	trial_type
0.0	11.596695899992483	scrambled
97.98230609999155	109.68052449999959	scrambled
139.99395750000258	151.6811585999967	scrambled
209.9821295999863	221.64836500000092	scrambled
