onset	duration	trial_type
13.980810299981357	25.53632449998986	objects
125.98420589999296	137.6813159000012	objects
195.98951240000315	207.68152009998448	objects
223.99035320000257	235.6212000999949	objects
