onset	duration	trial_type
42.00196479912847	53.71615899913013	scrambled
70.00066839996722	81.71615019999444	scrambled
168.00116419978434	179.69994569942355	scrambled
210.00168459955603	221.70041329972446	scrambled
