onset	duration	trial_type
14.01283469982448	25.71587639953941	faces
98.00071699917316	109.71629039943218	faces
196.00110749993473	207.71690369956195	faces
252.00177649967372	263.75117779988796	faces
