onset	duration	trial_type
14.002688499167618	25.73774079978469	faces
126.00145559944215	137.70652129966768	faces
140.00071989931175	151.68900669924918	faces
265.9913714993745	277.7066877000034	faces
