onset	duration	trial_type
0.0	11.665921099483967	objects
126.01179559994489	137.682561699301	objects
182.01399939972907	193.7169205993414	objects
224.00157389976079	235.70062719937414	objects
