onset	duration	trial_type
27.99859049916273	39.7382999993861	scenes
69.99023579992357	81.67211889941248	scenes
168.00118919927635	179.68927859980616	scenes
224.00383539963528	235.72299529984596	scenes
