onset	duration	trial_type
56.00069359969345	67.68294919934124	scenes
84.00048239994794	95.71578169986606	scenes
154.00233099982142	165.7170973997563	scenes
266.00954499933863	277.7004100997001	scenes
