onset	duration	trial_type
0.0	11.738591799512534	scrambled
98.00480509921911	109.70623669959608	scrambled
181.99290349986407	193.70638399943712	scrambled
238.0009221993387	249.6898399991915	scrambled
