onset	duration	trial_type
41.99996449984613	53.72213399969044	objects
111.9975872999058	123.70610039960596	objects
196.00037379935387	207.70616009924564	objects
209.99578699935236	221.68926599994305	objects
