trial_type	onset	duration	response_time	same_or_diff	response	correct	env_type	vid_file
instructions	0.0	5.997297900001286						
instructions	82.37587990000611	5.988079799979431						
instructions	173.37057410000122	5.978264999983395						
instructions	255.73745179999975	6.0035224999882075						
instructions	346.75506249998574	5.994277399993791						
