trial_type	onset	duration	response_time	same_or_diff	response	correct	env_type	vid_file
instructions	0.0	5.984538899996551						
instructions	82.38381649999064	5.998120700009167						
instructions	173.38426700001583	5.982548799976826						
instructions	255.7341871999961	5.9823766000045						
instructions	346.7400231999925	5.978031600011036						
