trial_type	onset	duration	response_time	same_or_diff	response	correct	env_type	vid_file
instructions	0.0	5.986309599975357						
instructions	82.41181789999243	5.986726500006654						
instructions	173.40059209999163	5.982420899992604						
instructions	255.80582649999997	5.9774543999810135						
instructions	346.78991589997884	5.9778266000213875						
