trial_type	onset	duration	response_time	same_or_diff	response	correct	env_type	vid_file
response	148.38801049999893	10.011027899978245	1.277252100000652	same	same	True		
response	321.7871165999968	10.013475899992045	1.4817479999911143	different	different	True		
