trial_type	onset	duration	response_time	same_or_diff	response	correct	env_type	vid_file
instructions	0.0	5.991296699998202						
instructions	82.3473095000081	5.985421899997192						
instructions	173.3503765000205	5.990706099983072						
instructions	255.72565239999676	5.99044950000831						
instructions	346.70157299999846	5.981716900016238						
