onset	duration	trial_type
27.99407650064677	39.73399700038135	scenes
69.98482800088823	81.73402050044388	scenes
168.00130620040005	179.70157030038536	scenes
223.99225290026516	235.70144340023398	scenes
