onset	duration	trial_type
55.98336329963058	67.68246639985588	scenes
83.98340000025925	95.64884850010273	scenes
153.98423360008744	165.66621209960428	scenes
265.99126849975437	277.65065629966557	scenes
