onset	duration	trial_type
0.0	11.682188999839099	objects
125.9930806001648	137.632899899967	objects
182.00379700027398	193.61615100037304	objects
223.98422470036897	235.59995109960434	objects
