onset	duration	trial_type
41.99021220020947	53.666198800317915	scrambled
69.9930584998801	81.59913630038497	scrambled
167.984056700021	179.63311440031973	scrambled
209.98500019963828	221.63367659971115	scrambled
