onset	duration	trial_type
41.993905800394714	53.73368100076914	objects
111.99369920045137	123.71763070020825	objects
195.9931605001911	207.701258700341	objects
209.99461290054018	221.68487090058625	objects
