onset	duration	trial_type
14.007518599741132	25.68208540044722	faces
97.99321020022032	109.63310590013859	faces
195.98481220006946	207.63347500003871	faces
251.99297249969092	263.6667841002345	faces
