onset	duration	trial_type
0.0	11.733540600165725	scrambled
97.99758330080664	109.71749950014055	scrambled
181.98572080023592	193.68463560007513	scrambled
237.9938376005739	249.65158300008625	scrambled
