onset	duration	trial_type
14.010864800773561	25.733670900575817	faces
125.99793260078877	137.70098830014467	faces
139.99509410001338	151.68477680068463	faces
265.99525650031865	277.71852710004896	faces
