onset	duration	trial_type
62.7775212999986	74.53040769998915	objects
159.22494919999735	170.9806821999955	objects
251.3183762999979	263.04826379999577	objects
266.95748689999164	278.69821189998765	objects
