onset	duration	trial_type
0.0	11.72352919999684	objects
133.39042779999727	145.10759689999395	objects
192.7927561999968	204.52457839999988	objects
240.39691549999407	252.14150769999833	objects
