onset	duration	trial_type
47.23723329999484	58.99703569999838	scenes
97.06595509999894	108.83075819999794	scenes
220.11480289998872	231.83140650000132	scenes
283.0925772999907	294.8151089999883	scenes
