onset	duration	trial_type
31.096550000002026	42.84709830000065	faces
174.7012112999946	186.4644671999995	faces
190.54305359999125	202.2810807999922	faces
328.8712555999955	340.5986819999962	faces
