onset	duration	trial_type
43.12814649999199	54.890434799992356	scrambled
72.93190779999713	84.65729619999183	scrambled
177.36734389999765	189.1244774999941	scrambled
224.66854509999393	236.40793329999724	scrambled
