onset	duration	trial_type
15.025764199992395	26.75693679999676	faces
103.61652029999823	115.35743459999503	faces
208.65160749999632	220.3746078999975	faces
271.8825147999887	283.64166749999276	faces
