onset	duration	trial_type
0.0	11.730095099992468	scrambled
137.780726699988	149.51429819999612	scrambled
235.53953329999058	247.28150759999698	scrambled
298.86707899998873	310.61521540000103	scrambled
