onset	duration	trial_type
58.13352519999899	69.89047699999355	scenes
88.0248442000011	99.7736009999935	scenes
162.50892739999108	174.27439809999487	scenes
286.9979228000011	298.7583553000004	scenes
